eyeX,eyeY,eyeZ,centerX,centerY,centerZ,upX,upY,upZ
434.13776,811.1022,790.8984,401.21558,745.2536,639.03613,-0.8147592,0.49789667,0.10413849
